-- Supabase data export — migração para PostgreSQL self-hosted
SET client_encoding = 'UTF8';

-- Tabela: bot_config (1 linhas)
INSERT INTO bot_config (id, empresa_nome, modelo_gemini, voz, quem_fala_primeiro, prompt_template, timeout_segundos, atualizado_em) VALUES (1, 'V4 Company', 'gemini-3.1-flash-live-preview', 'Kore', 'agente', '', 120, '2026-05-14T19:54:42.742+00:00') ON CONFLICT DO NOTHING;

-- Tabela: agents (1 linhas)
INSERT INTO agents (id, nome, ativo, empresa_nome, empresa_contexto, prompt_template, instrucoes_background, modelo_gemini, voz, timeout_segundos, quem_fala_primeiro, webhook_saida_url, webhook_entrada_token, telefone_json_path, criado_em, atualizado_em, vad_silencio_ms, vad_sensibilidade_inicio, vad_sensibilidade_fim, interrupcao_habilitada, primeiro_turno_delay_ms, silencio_encerrar_seg, deteccao_voicemail) VALUES ('bc44702c-8b88-4d14-bdbb-ad2f5dddab4f', 'João', TRUE, 'V4 Company', '{}', 'Olá {{nome}}, tudo bem?

Vi que você se cadsatrou no/na {{metodo}}. Eu queria ver se podemos marcar uma reunião para podermos trazer melhor o produto para você.

Você tem disponibilidade essa semana?', 'Você deve extrair a informação se o cliente é o possível stakeholder da empresa, e marcar uma reunião com ele para que o vendedor consiga levar o produto.', 'gemini-3.1-flash-live-preview', 'Fenrir', 120, 'agente', 'https://webhook-n8n.v4companyamaral.com/webhook/fa6fbe74-e73f-4804-9d0e-1104fd6ee3c4', 'fda6963a4cef27d3b131be72d7004855b8a18948c7eb7202', NULL, '2026-05-04T23:38:51.527261+00:00', '2026-05-05T14:53:31.471+00:00', 800, 'START_SENSITIVITY_LOW', 'END_SENSITIVITY_LOW', TRUE, 500, 0, FALSE) ON CONFLICT DO NOTHING;

-- Tabela: campaigns (0 linhas)

-- Tabela: leads (13 linhas)
INSERT INTO leads (id, nome, empresa, cargo, telefone, origem, objetivo, oferta, campaign_id, status, ultima_ligacao_em, tentativas, criado_em, agent_id, payload_extras, telefone_normalizado) VALUES ('f3bd1982-ec37-49c1-8e19-f8894356e044', 'Kaique', NULL, NULL, '+5514998979372', 'api', NULL, NULL, NULL, 'novo', NULL, 0, '2026-05-05T14:18:46.801169+00:00', 'bc44702c-8b88-4d14-bdbb-ad2f5dddab4f', '{"nome": "Kaique", "telefone": "+5514998979372"}', '+5514998979372') ON CONFLICT DO NOTHING;
INSERT INTO leads (id, nome, empresa, cargo, telefone, origem, objetivo, oferta, campaign_id, status, ultima_ligacao_em, tentativas, criado_em, agent_id, payload_extras, telefone_normalizado) VALUES ('9e06ecfc-f5b7-4c89-a3ba-eea43c54e11b', 'Kaique Nascimento', 'Ritmo Growth', 'Diretor Comercial', '+5514998979372', 'api', NULL, NULL, NULL, 'novo', NULL, 0, '2026-05-05T14:49:55.303914+00:00', 'bc44702c-8b88-4d14-bdbb-ad2f5dddab4f', '{"nome": "Kaique Nascimento", "contexto": {"cargo": "Diretor Comercial", "empresa": "Ritmo Growth", "observacao": "Teste de pré-qualificação"}, "telefone": "+5514998979372", "contexto_raw": {"cargo": "Diretor Comercial", "empresa": "Ritmo Growth", "observacao": "Teste de pré-qualificação"}, "contexto_json": {"cargo": "Diretor Comercial", "empresa": "Ritmo Growth", "observacao": "Teste de pré-qualificação"}, "contexto_texto": "empresa: Ritmo Growth\ncargo: Diretor Comercial\nobservacao: Teste de pré-qualificação"}', '+5514998979372') ON CONFLICT DO NOTHING;
INSERT INTO leads (id, nome, empresa, cargo, telefone, origem, objetivo, oferta, campaign_id, status, ultima_ligacao_em, tentativas, criado_em, agent_id, payload_extras, telefone_normalizado) VALUES ('3de49887-d8cf-40f6-b58f-031d78bcafed', 'Kaique Nascimento', 'Ritmo Growth', 'Diretor Comercial', '+5514998979372', 'api', NULL, NULL, NULL, 'novo', NULL, 0, '2026-05-05T14:53:35.408988+00:00', 'bc44702c-8b88-4d14-bdbb-ad2f5dddab4f', '{"nome": "Kaique Nascimento", "contexto": {"cargo": "Diretor Comercial", "empresa": "Ritmo Growth", "observacao": "Teste de pré-qualificação"}, "telefone": "+5514998979372", "contexto_raw": {"cargo": "Diretor Comercial", "empresa": "Ritmo Growth", "observacao": "Teste de pré-qualificação"}, "contexto_json": {"cargo": "Diretor Comercial", "empresa": "Ritmo Growth", "observacao": "Teste de pré-qualificação"}, "contexto_texto": "empresa: Ritmo Growth\ncargo: Diretor Comercial\nobservacao: Teste de pré-qualificação"}', '+5514998979372') ON CONFLICT DO NOTHING;
INSERT INTO leads (id, nome, empresa, cargo, telefone, origem, objetivo, oferta, campaign_id, status, ultima_ligacao_em, tentativas, criado_em, agent_id, payload_extras, telefone_normalizado) VALUES ('ee16d464-219a-4d7d-9348-d6a8d1575c02', 'Kaique Nascimento', 'Ritmo Growth', 'Diretor Comercial', '+5514998979372', 'api', NULL, NULL, NULL, 'novo', NULL, 0, '2026-05-05T14:55:33.133542+00:00', 'bc44702c-8b88-4d14-bdbb-ad2f5dddab4f', '{"nome": "Kaique Nascimento", "contexto": {"cargo": "Diretor Comercial", "empresa": "Ritmo Growth", "observacao": "Teste de pré-qualificação"}, "telefone": "+5514998979372", "contexto_raw": {"cargo": "Diretor Comercial", "empresa": "Ritmo Growth", "observacao": "Teste de pré-qualificação"}, "contexto_json": {"cargo": "Diretor Comercial", "empresa": "Ritmo Growth", "observacao": "Teste de pré-qualificação"}, "contexto_texto": "empresa: Ritmo Growth\ncargo: Diretor Comercial\nobservacao: Teste de pré-qualificação"}', '+5514998979372') ON CONFLICT DO NOTHING;
INSERT INTO leads (id, nome, empresa, cargo, telefone, origem, objetivo, oferta, campaign_id, status, ultima_ligacao_em, tentativas, criado_em, agent_id, payload_extras, telefone_normalizado) VALUES ('8c5fa30b-cd9b-4af2-bb0e-cb827f84610a', 'Kaique Nascimento', 'Ritmo Growth', 'Diretor Comercial', '+5514998979372', 'api', NULL, NULL, NULL, 'novo', NULL, 0, '2026-05-05T14:56:14.210025+00:00', 'bc44702c-8b88-4d14-bdbb-ad2f5dddab4f', '{"nome": "Kaique Nascimento", "contexto": {"cargo": "Diretor Comercial", "empresa": "Ritmo Growth", "observacao": "Teste de pré-qualificação"}, "telefone": "+5514998979372", "contexto_raw": {"cargo": "Diretor Comercial", "empresa": "Ritmo Growth", "observacao": "Teste de pré-qualificação"}, "contexto_json": {"cargo": "Diretor Comercial", "empresa": "Ritmo Growth", "observacao": "Teste de pré-qualificação"}, "contexto_texto": "empresa: Ritmo Growth\ncargo: Diretor Comercial\nobservacao: Teste de pré-qualificação"}', '+5514998979372') ON CONFLICT DO NOTHING;
INSERT INTO leads (id, nome, empresa, cargo, telefone, origem, objetivo, oferta, campaign_id, status, ultima_ligacao_em, tentativas, criado_em, agent_id, payload_extras, telefone_normalizado) VALUES ('7824c098-2183-4965-865e-bc4708c7a5c4', 'Renan Zamforlim', 'Tech Corp', 'Diretor Comercial', '+5514998193979', 'formulário web', 'Confirmar interesse em receber proposta', 'assessoria V4', NULL, 'convertido', '2026-05-05T16:56:50.847+00:00', 0, '2026-05-05T16:55:38.716551+00:00', NULL, '{}', '+5514998193979') ON CONFLICT DO NOTHING;
INSERT INTO leads (id, nome, empresa, cargo, telefone, origem, objetivo, oferta, campaign_id, status, ultima_ligacao_em, tentativas, criado_em, agent_id, payload_extras, telefone_normalizado) VALUES ('aa3d96c9-9301-402c-9eb8-c19fc8f96283', 'Vinicius Mercante', 'Tech Corp', 'Diretor Comercial', '+551194575316', 'formulário do Meta', 'Confirmar interesse e se quer fazer uma call com o time comercial, enviada por whatsapp ou email', 'Assessoria V4', NULL, 'contactado', '2026-05-04T23:49:29.679+00:00', 0, '2026-05-04T23:41:46.822822+00:00', 'bc44702c-8b88-4d14-bdbb-ad2f5dddab4f', '{}', '+551194575316') ON CONFLICT DO NOTHING;
INSERT INTO leads (id, nome, empresa, cargo, telefone, origem, objetivo, oferta, campaign_id, status, ultima_ligacao_em, tentativas, criado_em, agent_id, payload_extras, telefone_normalizado) VALUES ('1', 'Vinicius Mercante', 'Taus', 'Diretor Comercial', '+5511945705316', 'formulário web', 'Confirmar interesse em receber proposta via email', 'Assessoria V4 Company', NULL, 'arquivado', '2026-05-04T21:45:43.399+00:00', 0, '2026-05-04T18:20:22.003154+00:00', NULL, '{}', '+5511945705316') ON CONFLICT DO NOTHING;
INSERT INTO leads (id, nome, empresa, cargo, telefone, origem, objetivo, oferta, campaign_id, status, ultima_ligacao_em, tentativas, criado_em, agent_id, payload_extras, telefone_normalizado) VALUES ('fd23ce72-6e06-40d4-9da3-de68bbb5ab71', 'Gisele', 'Leite Tech', 'Diretora Comercial', '+5519992784293', '', '', '', NULL, 'contactado', '2026-05-08T22:15:41.038+00:00', 0, '2026-05-08T22:12:10.923185+00:00', NULL, '{}', '+5519992784293') ON CONFLICT DO NOTHING;
INSERT INTO leads (id, nome, empresa, cargo, telefone, origem, objetivo, oferta, campaign_id, status, ultima_ligacao_em, tentativas, criado_em, agent_id, payload_extras, telefone_normalizado) VALUES ('a153527b-26c6-42a7-9149-cfc3f55cdaaa', 'Pedro Rondina', 'Tech Corp', 'Diretor Comercial', '+5514996102216', 'formulário Web', 'confirmar interesse em receber proposta', 'Assessoria V4', NULL, 'contactado', '2026-05-11T22:17:32.268+00:00', 0, '2026-05-05T20:59:01.41939+00:00', NULL, '{}', '+5514996102216') ON CONFLICT DO NOTHING;
INSERT INTO leads (id, nome, empresa, cargo, telefone, origem, objetivo, oferta, campaign_id, status, ultima_ligacao_em, tentativas, criado_em, agent_id, payload_extras, telefone_normalizado) VALUES ('a582228c-1e1e-4e1b-bbde-0142345521fa', 'Gustavo Estorgato', 'Storgato Net', 'Diretor Comercial', '+5555999964652', 'Blackbox', 'Prospectar ele, lead frio.', 'DRO', NULL, 'novo', NULL, 0, '2026-05-12T19:55:45.296101+00:00', 'bc44702c-8b88-4d14-bdbb-ad2f5dddab4f', '{}', '+5555999964652') ON CONFLICT DO NOTHING;
INSERT INTO leads (id, nome, empresa, cargo, telefone, origem, objetivo, oferta, campaign_id, status, ultima_ligacao_em, tentativas, criado_em, agent_id, payload_extras, telefone_normalizado) VALUES ('2e0eb1cf-7185-438a-ab88-bedf1bc5ee14', 'Lucas Jose', 'V4 Company', 'Diretor Operacional', '+5514998981996', 'Formulário Web', 'Confirmar interesse e receber proposta', 'Assessoria V4', NULL, 'novo', NULL, 0, '2026-05-14T19:54:24.807213+00:00', NULL, '{}', '+5514998981996') ON CONFLICT DO NOTHING;
INSERT INTO leads (id, nome, empresa, cargo, telefone, origem, objetivo, oferta, campaign_id, status, ultima_ligacao_em, tentativas, criado_em, agent_id, payload_extras, telefone_normalizado) VALUES ('c7a43424-5a73-44d7-a9c7-97da251b58a9', 'Kaique Nascimento', 'Tech Corp', 'Diretor Comercial', '5514998979372', 'formulário do Meta', 'Confirmar interesse e se quer fazer uma call com o time comercial, enviada por whatsapp ou email', 'Assessoria V4', NULL, 'contactado', '2026-05-14T19:56:24.079+00:00', 0, '2026-05-04T22:44:27.450983+00:00', NULL, '{}', '+5514998979372') ON CONFLICT DO NOTHING;

-- Tabela: call_results (11 linhas)
INSERT INTO call_results (id, call_sid, lead_id, confirmado, pessoa_correta, interesse, humor, resumo, proxima_acao, transcricao_usuario, transcricao_agente, criado_em, agent_id) VALUES (1, 'CA22c5f1f76a36783df5aa62c7d5c9b3ae', '1', TRUE, TRUE, 'alto', 'positivo', 'Lead confirmou interesse em receber proposta e informou orçamento de R$ 10.000,00 mensais. Aceitou agendar uma reunião para apresentação.', 'agendar_reuniao', 'Confere. Torno já, R$ 10.000 por mês. Acho legal. Você fala da onde? Claro, com certeza.', 'Alô, Vinicius? Aqui é o Lucas, da V4 Company. Tudo bem? Notei que você tem interesse em receber uma proposta da nossa assessoria, confere? Que ótimo! Para eu preparar algo direcionado, você poderia me dizer se já tem um orçamento definido para investir em marketing? Perfeito, Vinicius. Vou encaminhar a proposta por e mail e, se você preferir, podemos marcar uma rápida reunião para apresentar. O que acha? Eu sou da V4 Company, como te falei. Estamos no Brasil inteiro. Posso te mandar por e mail o convite para a reunião, para conversarmos melhor?', '2026-05-04T19:36:04.420325+00:00', NULL) ON CONFLICT DO NOTHING;
INSERT INTO call_results (id, call_sid, lead_id, confirmado, pessoa_correta, interesse, humor, resumo, proxima_acao, transcricao_usuario, transcricao_agente, criado_em, agent_id) VALUES (2, 'CA9f1a0465341a6af9890d79b226874388', '1', TRUE, TRUE, 'medio', 'positivo', 'Cliente confirmou interesse em receber proposta por e-mail.', 'enviar_email', 'Alô. Alô, tudo bem? Ah, sim.', 'Olá, boa tarde, falo com o Kaique Aqui Alô, Kaique? Empresa. Recebi é da Minha seu contato pelo site e queria saber se você tem interesse em receber uma proposta da nossa assessoria V4 Company. Que ótimo! Você receber por e-mail ou WhatsApp? prefere', '2026-05-04T21:43:11.863801+00:00', NULL) ON CONFLICT DO NOTHING;
INSERT INTO call_results (id, call_sid, lead_id, confirmado, pessoa_correta, interesse, humor, resumo, proxima_acao, transcricao_usuario, transcricao_agente, criado_em, agent_id) VALUES (3, 'CAdd59c54ce06ccad3f898f7a050d3df6f', '1', FALSE, TRUE, 'sem_interesse', 'neutro', 'O cliente informou que não tem interesse em receber a proposta nem em agendar uma conversa no momento.', 'nao_contatar', 'Alô. Alô. Caramba. Acho que não, hein? Hum, ah, não é melhor, não. Melhor, não.', 'Alô, Kaique? Oi, Kaique, tudo o agente Company, mais pedindo da V4 bom? preencheu Sou um formulário uma proposta você sobre informações por e em receber mail? tem interesse Você assessoria. Ah, entendi! Sem problemas. Você gostaria de receber por outro meio, ou prefere que a gente agende uma conversa?', '2026-05-04T21:45:43.302486+00:00', NULL) ON CONFLICT DO NOTHING;
INSERT INTO call_results (id, call_sid, lead_id, confirmado, pessoa_correta, interesse, humor, resumo, proxima_acao, transcricao_usuario, transcricao_agente, criado_em, agent_id) VALUES (4, 'CA95b28887d43e142749d52ce0c639fc1a', 'c7a43424-5a73-44d7-a9c7-97da251b58a9', TRUE, TRUE, 'medio', 'neutro', 'Cliente confirmou interesse e solicitou informações via WhatsApp.', 'enviar_whatsapp', 'Tenho, sim.', 'Alô, é o Kaique Nascimento? Sou da V4 Company, você preencheu um formulário recentemente. Queria saber se ainda tem interesse em saber mais sobre a nossa assessoria? Que ótimo! Você prefere que a gente te envie mais informações por WhatsApp ou por e-mail? Ou de repente já marcar uma conversa com o nosso time?', '2026-05-04T22:45:09.874428+00:00', NULL) ON CONFLICT DO NOTHING;
INSERT INTO call_results (id, call_sid, lead_id, confirmado, pessoa_correta, interesse, humor, resumo, proxima_acao, transcricao_usuario, transcricao_agente, criado_em, agent_id) VALUES (5, 'CAec0aaade41bb2a49b79edfbb9b4c6540', '1', TRUE, TRUE, 'medio', 'positivo', 'Cliente confirmou interesse no software de gestão e agendou reunião para a próxima terça-feira às 14h. Demonstrou humor positivo durante a conversa.', 'agendar_reuniao', 'Eu não quero saber onde. Eu tenho, sim, Mares. Eu quero entender o que que você falou que eu não cadastrei. Eu me cadastrei onde? Sim. Mas tu quer tirar essa sala mesmo? Qual o produto? Sim. Pode ser final de semana. perder é melhor.', 'Olá Kaique Nascimento, tudo bem? Vi que você se cadastrou na {{metodo}}. Eu queria ver se podemos marcar uma reunião para podermos trazer melhor o produto para você. Você tem disponibilidade essa semana? Ah, peço desculpas se não fui claro! Na verdade, eu estava propondo um local virtual, né, uma reunião online. Mas me diga, você teria disponibilidade para conversarmos um pouco sobre o produto, mesmo que brevemente? Ou você não tem interesse nesse tipo de solução? Ah, sim! Consta aqui no meu sistema que você demonstrou interesse através do nosso site, preenchendo um cadastro. Às vezes o nome do método pode ter ficado confuso. Mas você lembra de ter buscado informações sobre algo do tipo? E sobre a reunião, você teria um tempinho para conversarmos? Ótimo! Que bom que você lembra. Para essa reunião, qual seria o melhor horário para você? E que dia da semana fica melhor? Assim eu já agendo aqui com um de nossos especialistas. É sobre um software de gestão, para ajudar a organizar os processos da sua empresa. Você gostaria de agendar uma conversa para ver como ele funciona? Que dia fica melhor para você? Perfeito. Essa semana, você tem algum dia específico com horário mais livre? Ou prefere sugerir algum horário para a semana que vem? Combinado, então na semana que vem! Algum dia específico ou período do dia que seja melhor para você? Por exemplo, na terça à tarde, ou na quinta de manhã? Ótimo, então vamos marcar para a tarde. O que você acha da próxima terça-feira, dia 12, às 14 horas? Fica bom para você?', '2026-05-04T23:49:29.572653+00:00', 'bc44702c-8b88-4d14-bdbb-ad2f5dddab4f') ON CONFLICT DO NOTHING;
INSERT INTO call_results (id, call_sid, lead_id, confirmado, pessoa_correta, interesse, humor, resumo, proxima_acao, transcricao_usuario, transcricao_agente, criado_em, agent_id) VALUES (7, 'CAdfcc84c74511ff9645a5e8fbeca5d4a0', '7824c098-2183-4965-865e-bc4708c7a5c4', TRUE, TRUE, 'alto', 'positivo', 'Cliente confirmou interesse na assessoria, informou orçamento de R$ 5000 e prefere receber a proposta pelo WhatsApp.', 'enviar_whatsapp', 'Sim. É, cruel. Dá opinião para Sim. Não. R$ 5.000', 'Alô, Renan? Aqui é o Leo da V4. Tudo bem? Vi que você mandou um contato pra gente. Você ainda tem interesse em receber uma proposta da nossa assessoria? Ah, legal! Pra gente montar algo bem focado no que você precisa, qual é o principal desafio comercial de vocês hoje? E você teria uma ideia de orçamento disponível pra isso? Ótimo. E para te mandar a proposta certinha, qual é o melhor e-mail para contato? Ou você prefere que eu te envie pelo WhatsApp?', '2026-05-05T16:56:50.750145+00:00', NULL) ON CONFLICT DO NOTHING;
INSERT INTO call_results (id, call_sid, lead_id, confirmado, pessoa_correta, interesse, humor, resumo, proxima_acao, transcricao_usuario, transcricao_agente, criado_em, agent_id) VALUES (8, 'CAf7b39fd9bd10493235c14705d0ece014', 'c7a43424-5a73-44d7-a9c7-97da251b58a9', FALSE, FALSE, 'incerto', 'neutro', 'O contato parece estar ocupado ou em outra conversa e não respondeu diretamente. Call inconclusiva.', 'revisar_manualmente', 'detenção para filho e quando o filho for maior, você vai conseguir aumentar ainda mais a receita? E aí, você vai ficar Pô, beleza. É, qual o nome da empresa do seu projeto? Acho que a gente tem que voltar a falar do seu projeto. Entrando no Google', 'Opa, tudo bom? É o Kaique que tá falando? Aqui é o Kaique da Tech Corp? Aqui é', '2026-05-05T20:19:02.836954+00:00', NULL) ON CONFLICT DO NOTHING;
INSERT INTO call_results (id, call_sid, lead_id, confirmado, pessoa_correta, interesse, humor, resumo, proxima_acao, transcricao_usuario, transcricao_agente, criado_em, agent_id) VALUES (9, 'CA04ac84581bb8d07d10baf6650af84fdb', 'fd23ce72-6e06-40d4-9da3-de68bbb5ab71', TRUE, TRUE, 'medio', 'neutro', 'Cliente não pode falar agora e prefere que mande mensagem antes de ligar na próxima semana.', 'enviar_whatsapp', 'Ixi, espera aí. Alô. Tudo bem e você? Agora eu não tenho. Putz, essa semana eu não consigo.', 'Alô, Gisele? Aqui é da V4 Company. Tudo bom? Tô ligando rapidinho para falar sobre uma ideia Tudo bem? Só pra confirmar, tô falando com a Gisele mesmo? Joia! Eu tô ligando pra gente bater um papo sobre umas ideias pra Leite Tech. Você tem uns minutinhos? Tranquilo! Qual seria um horário bom pra te retornar? Entendi. Semana que vem fica melhor? Ou prefere que eu te mande uma mensagem?', '2026-05-08T22:13:03.430682+00:00', NULL) ON CONFLICT DO NOTHING;
INSERT INTO call_results (id, call_sid, lead_id, confirmado, pessoa_correta, interesse, humor, resumo, proxima_acao, transcricao_usuario, transcricao_agente, criado_em, agent_id) VALUES (10, 'CAe4e2eb84623c18dc666cf9c9cb27a37a', 'fd23ce72-6e06-40d4-9da3-de68bbb5ab71', FALSE, TRUE, 'medio', 'neutro', 'Gisele já tem estrutura de marketing, mas aceitou receber material por e-mail para avaliar com mais tempo.', 'enviar_email', 'Alô. Alô. Alô. Não, tá mudo. Você tá me tirando agora. Mas onde você conseguiu o seu telefone? Quem me garante que é tudo certinho? Mas você quer falar sobre o que mesmo? Ah, mas eu já tenho tudo montado. Ah, a gente já tá conversando. Mas seria a ligação mesmo? Porque eu não tenho tempo.', 'Olá, Gisele? Tudo bom? Sou da V4 Company. Liguei para falar sobre marketing digital focado em empresas como a Leite Tech. Você tem uns minutos para conversar agora? Ah, essa informação vem da nossa base de dados, mas não se preocupa, é tudo certinho. Você teria um tempinho agora pra gente bater um papo? Entendo a sua preocupação. É sobre como a V4 pode te ajudar a conseguir mais clientes pra Leite Tech usando estratégias de marketing digital. Você teria interesse em saber um pouco mais sobre como a gente faz? Que bom que você já tem uma estrutura! A gente poderia pensar em como otimizar o que você já tem pra gerar ainda mais resultados. Toparia uma conversa rápida pra gente falar sobre isso? Verdade! Mas eu digo um papo mais aprofundado, sabe? Talvez uma reunião com um especialista pra te mostrar possibilidades mais específicas pra Leite Tech. O que acha de agendarmos? Pode ser uma call rápida de 15 minutos só pra te mostrar algumas possibilidades. Ou se preferir, eu posso te mandar um material por e-mail pra você ver com calma. O que funciona melhor pra você?', '2026-05-08T22:15:40.955678+00:00', NULL) ON CONFLICT DO NOTHING;
INSERT INTO call_results (id, call_sid, lead_id, confirmado, pessoa_correta, interesse, humor, resumo, proxima_acao, transcricao_usuario, transcricao_agente, criado_em, agent_id) VALUES (11, 'CA5e3158bbce6c30476c6a2fcca8dc8695', 'a153527b-26c6-42a7-9149-cfc3f55cdaaa', TRUE, TRUE, 'medio', 'neutro', 'Cliente confirmou interesse e solicitou o envio da proposta por e-mail.', 'enviar_email', 'Alô. Tenho.', 'Alô? Oi, Pedro, tudo bem? Aqui é o agente da V4 Company. Tô te ligando pra saber se você ainda tem interesse em receber aquela proposta sobre assessoria. Você tem um minutinho? Desculpa, acho que o sinal Opa! Então, você quer que eu te envie a proposta por e-mail ou você prefere marcar uma conversa rapidinha pra gente detalhar melhor?', '2026-05-11T22:17:32.166688+00:00', NULL) ON CONFLICT DO NOTHING;
INSERT INTO call_results (id, call_sid, lead_id, confirmado, pessoa_correta, interesse, humor, resumo, proxima_acao, transcricao_usuario, transcricao_agente, criado_em, agent_id) VALUES (12, 'CA1db3a36396684cc8cb29a2b99b7f59e2', 'c7a43424-5a73-44d7-a9c7-97da251b58a9', TRUE, TRUE, 'incerto', 'neutro', 'Cliente atendeu mas a ligação caiu durante a apresentação inicial.', 'revisar_manualmente', 'Alô. Tudo certo?', 'Opa, tudo bem? É o Kaique da Tech Corp? Oi, Kaique, aqui é da V4 Company. Tudo ótimo! Aqui é o Caio da V4 Company, vi que você demonstrou interesse na assessoria. Você teria cinco minutinhos pra gente conversar', '2026-05-14T19:56:23.914947+00:00', NULL) ON CONFLICT DO NOTHING;

-- Tabela: transcripts (107 linhas)
INSERT INTO transcripts (id, call_sid, role, texto, ts) VALUES (284, 'CAfd6429d11f98225b48d713827653f525', 'agent', 'Olá Kaique Nascimento, tudo bem? Vi que você se cadastrou no método, e queria ver se a gente consegue marcar uma reunião para poder te apresentar melhor o produto. Você tem disponibilidade essa semana?', '2026-05-05T13:40:53.533053+00:00') ON CONFLICT DO NOTHING;
INSERT INTO transcripts (id, call_sid, role, texto, ts) VALUES (285, 'CA2b2f64c1df9266b293178d2e02e33694', 'agent', 'Alô, Kaique? É o Kaique da Tech Corp, certo? Aqui é o Bruno da V4, vi que você se interessou na nossa assessoria e queria saber se a gente pode marcar uma conversa rápida?', '2026-05-05T13:44:05.011626+00:00') ON CONFLICT DO NOTHING;
INSERT INTO transcripts (id, call_sid, role, texto, ts) VALUES (286, 'CAec0aaade41bb2a49b79edfbb9b4c6540', 'agent', 'Olá, Vinícius? Aqui é da V4 Company, tudo bem? Vi seu interesse no nosso site e queria falar rapidinho com você. Você teria dois minutos?', '2026-05-05T13:44:45.718449+00:00') ON CONFLICT DO NOTHING;
INSERT INTO transcripts (id, call_sid, role, texto, ts) VALUES (287, 'CAec0aaade41bb2a49b79edfbb9b4c6540', 'user', 'Tenho, tenho sim.', '2026-05-05T13:44:54.00431+00:00') ON CONFLICT DO NOTHING;
INSERT INTO transcripts (id, call_sid, role, texto, ts) VALUES (288, 'CAec0aaade41bb2a49b79edfbb9b4c6540', 'agent', 'Ótimo! Queria saber se você tem interesse em receber uma proposta da nossa assessoria por e mail. É para melhorar os resultados da Taus, sabe? O que acha?', '2026-05-05T13:44:56.574311+00:00') ON CONFLICT DO NOTHING;
INSERT INTO transcripts (id, call_sid, role, texto, ts) VALUES (289, 'CAec0aaade41bb2a49b79edfbb9b4c6540', 'user', 'Não, pode ser, mas você consegue explicar melhor por aqui um pouco?', '2026-05-05T13:45:08.047821+00:00') ON CONFLICT DO NOTHING;
INSERT INTO transcripts (id, call_sid, role, texto, ts) VALUES (290, 'CAec0aaade41bb2a49b79edfbb9b4c6540', 'agent', 'Claro! A gente faz uma análise do seu negócio e monta um plano pra atrair mais clientes e vender mais, usando estratégias de marketing digital. Mas eu posso te mandar tudo por e mail detalhado, fica mais fácil de você ver. Qual o melhor e mail pra te enviar?', '2026-05-05T13:45:13.468513+00:00') ON CONFLICT DO NOTHING;
INSERT INTO transcripts (id, call_sid, role, texto, ts) VALUES (291, 'CAec0aaade41bb2a49b79edfbb9b4c6540', 'user', 'えー 、 まず 、 待っ て ください 。 あー 、 前 に 、 で 、 メール を 送る 。 私 は 知り たい 、 その 会社 。 あなた は でき ます か ? 私 に 、 私 に 話す 、 少し 、 それ に つい て 、 AV 4 、 その 会社 、 あなた は 働く 。', '2026-05-05T13:45:33.899094+00:00') ON CONFLICT DO NOTHING;
INSERT INTO transcripts (id, call_sid, role, texto, ts) VALUES (292, 'CAec0aaade41bb2a49b79edfbb9b4c6540', 'agent', 'A V4 Company é uma assessoria de marketing digital, focada em gerar resultados pra empresas. A gente tem mais de 200 escritórios espalhados pelo Brasil. Quer que eu inclua essa explicação no e mail também? Assim você conhece melhor.', '2026-05-05T13:45:38.543248+00:00') ON CONFLICT DO NOTHING;
INSERT INTO transcripts (id, call_sid, role, texto, ts) VALUES (293, 'CAec0aaade41bb2a49b79edfbb9b4c6540', 'user', 'Qual que é o seu nome? Eu não lembro o seu nome.', '2026-05-05T13:45:49.953678+00:00') ON CONFLICT DO NOTHING;
INSERT INTO transcripts (id, call_sid, role, texto, ts) VALUES (294, 'CAec0aaade41bb2a49b79edfbb9b4c6540', 'agent', 'Meu nome é Rafael. Desculpa se eu não falei antes! Então, posso mandar a proposta para o seu e mail? Qual o melhor endereço?', '2026-05-05T13:45:52.664778+00:00') ON CONFLICT DO NOTHING;
INSERT INTO transcripts (id, call_sid, role, texto, ts) VALUES (295, 'CAec0aaade41bb2a49b79edfbb9b4c6540', 'user', 'मतलब भाई, समझ गए। और कितने साल के हैं आप, राफेल? सिर्फ मुझे जानने के लिए एक बात।', '2026-05-05T13:46:03.991235+00:00') ON CONFLICT DO NOTHING;
INSERT INTO transcripts (id, call_sid, role, texto, ts) VALUES (296, 'CAec0aaade41bb2a49b79edfbb9b4c6540', 'agent', 'Eu sou um agente de voz, então eu não tenho idade, sabe? Mas estou aqui para te ajudar com a proposta da V4. Vamos continuar com o envio do e mail? É só me falar o endereço!', '2026-05-05T13:46:07.748731+00:00') ON CONFLICT DO NOTHING;
INSERT INTO transcripts (id, call_sid, role, texto, ts) VALUES (297, 'CAec0aaade41bb2a49b79edfbb9b4c6540', 'user', 'Qual que é a sua função aí na empresa?', '2026-05-05T13:46:18.373789+00:00') ON CONFLICT DO NOTHING;
INSERT INTO transcripts (id, call_sid, role, texto, ts) VALUES (298, 'CAec0aaade41bb2a49b79edfbb9b4c6540', 'agent', 'Minha função é fazer esse primeiro contato com pessoas como você, que demonstraram interesse na V4, pra entender se a gente pode ajudar seu negócio. E aí, posso te mandar os detalhes por e mail para você dar uma olhada com calma? Qual e mail você prefere?', '2026-05-05T13:46:22.964649+00:00') ON CONFLICT DO NOTHING;
INSERT INTO transcripts (id, call_sid, role, texto, ts) VALUES (299, 'CAec0aaade41bb2a49b79edfbb9b4c6540', 'user', 'Olha, ela é muito persuasiva. É, sim. Não, pode mandar. Pode mandar no leonardo.amaral@v4company.com.', '2026-05-05T13:46:41.495854+00:00') ON CONFLICT DO NOTHING;
INSERT INTO transcripts (id, call_sid, role, texto, ts) VALUES (300, 'CAcbfef88f0c40413af134a4f706a224f1', 'agent', 'Olá Kaique Nascimento, tudo bem? Aqui é o Vitor. Vi que você se cadastrou no {{metodo}} e queria ver se podemos marcar uma reunião para apresentarmos melhor o produto para você. Você tem disponibilidade essa semana?', '2026-05-05T14:53:48.351102+00:00') ON CONFLICT DO NOTHING;
INSERT INTO transcripts (id, call_sid, role, texto, ts) VALUES (301, 'CAcbfef88f0c40413af134a4f706a224f1', 'user', 'Podemos.', '2026-05-05T14:54:10.132343+00:00') ON CONFLICT DO NOTHING;
INSERT INTO transcripts (id, call_sid, role, texto, ts) VALUES (302, 'CAcbfef88f0c40413af134a4f706a224f1', 'agent', 'Ótimo! Para mim seria melhor na quinta-feira de manhã, ou na sexta à tarde. Qual desses dias fica melhor para você? Ou você prefere outro dia ou horário?', '2026-05-05T14:54:13.428028+00:00') ON CONFLICT DO NOTHING;
INSERT INTO transcripts (id, call_sid, role, texto, ts) VALUES (303, 'CAcbfef88f0c40413af134a4f706a224f1', 'user', 'Por onde que eu me cadastrei mesmo?', '2026-05-05T14:54:26.502825+00:00') ON CONFLICT DO NOTHING;
INSERT INTO transcripts (id, call_sid, role, texto, ts) VALUES (304, 'CAcbfef88f0c40413af134a4f706a224f1', 'agent', 'Você se cadastrou pelo {{metodo}}. Estamos fazendo um contato com você para entender melhor suas necessidades e ver como podemos te ajudar, já que você é Diretor Comercial da Ritmo Growth. Faz sentido? Podemos marcar um horário?', '2026-05-05T14:54:29.960324+00:00') ON CONFLICT DO NOTHING;
INSERT INTO transcripts (id, call_sid, role, texto, ts) VALUES (305, 'CA8f9f5ae4f2f1d254d86cf11d901543a7', 'agent', 'Olá Kaique Nascimento, tudo bem? Vi que você se cadastrou no/na {{metodo}}, e eu queria ver se podemos marcar uma reunião para podermos trazer melhor o produto para você. Você tem disponibilidade essa semana?', '2026-05-05T14:55:45.327653+00:00') ON CONFLICT DO NOTHING;
INSERT INTO transcripts (id, call_sid, role, texto, ts) VALUES (306, 'CA0d9e4ab92711aac99db671eca96c44f1', 'agent', 'Olá Kaique Nascimento, tudo bem? Aqui é o Bruno, da {{metodo}}. Vi que você se cadastrou no nosso site e fiquei curioso para saber mais sobre a Ritmo Growth. Como você é Diretor Comercial, imagino que esteja procurando formas de otimizar seus processos, certo? Teria um tempinho para a gente conversar sobre isso e como podemos te ajudar? Que tal essa semana?', '2026-05-05T14:56:33.031399+00:00') ON CONFLICT DO NOTHING;
INSERT INTO transcripts (id, call_sid, role, texto, ts) VALUES (307, 'CA0d9e4ab92711aac99db671eca96c44f1', 'user', 'Podemos, sim.', '2026-05-05T14:56:55.989011+00:00') ON CONFLICT DO NOTHING;
INSERT INTO transcripts (id, call_sid, role, texto, ts) VALUES (308, 'CA0d9e4ab92711aac99db671eca96c44f1', 'agent', 'Ótimo! Para mim fica melhor na parte da tarde. Tem algum dia ou horário específico que prefere? Assim eu já agendo por aqui.', '2026-05-05T14:56:58.572543+00:00') ON CONFLICT DO NOTHING;
INSERT INTO transcripts (id, call_sid, role, texto, ts) VALUES (309, 'CAdfcc84c74511ff9645a5e8fbeca5d4a0', 'agent', 'Alô, Renan? Aqui é o Leo da V4. Tudo bem? Vi que você mandou um contato pra gente. Você ainda tem interesse em receber uma proposta da nossa assessoria?', '2026-05-05T16:55:56.819444+00:00') ON CONFLICT DO NOTHING;
INSERT INTO transcripts (id, call_sid, role, texto, ts) VALUES (310, 'CAdfcc84c74511ff9645a5e8fbeca5d4a0', 'user', 'Sim. É, cruel. Dá opinião para', '2026-05-05T16:56:14.238582+00:00') ON CONFLICT DO NOTHING;
INSERT INTO transcripts (id, call_sid, role, texto, ts) VALUES (311, 'CAdfcc84c74511ff9645a5e8fbeca5d4a0', 'user', 'Sim. Não.', '2026-05-05T16:56:20.628718+00:00') ON CONFLICT DO NOTHING;
INSERT INTO transcripts (id, call_sid, role, texto, ts) VALUES (312, 'CAdfcc84c74511ff9645a5e8fbeca5d4a0', 'agent', 'Ah, legal! Pra gente montar algo bem focado no que você precisa, qual é o principal desafio comercial de vocês hoje? E você teria uma ideia de orçamento disponível pra isso?', '2026-05-05T16:56:24.158487+00:00') ON CONFLICT DO NOTHING;
INSERT INTO transcripts (id, call_sid, role, texto, ts) VALUES (313, 'CAdfcc84c74511ff9645a5e8fbeca5d4a0', 'user', 'R$ 5.000', '2026-05-05T16:56:39.093114+00:00') ON CONFLICT DO NOTHING;
INSERT INTO transcripts (id, call_sid, role, texto, ts) VALUES (314, 'CAdfcc84c74511ff9645a5e8fbeca5d4a0', 'agent', 'Ótimo. E para te mandar a proposta certinha, qual é o melhor e-mail para contato? Ou você prefere que eu te envie pelo WhatsApp?', '2026-05-05T16:56:42.363743+00:00') ON CONFLICT DO NOTHING;
INSERT INTO transcripts (id, call_sid, role, texto, ts) VALUES (315, 'CAdfcc84c74511ff9645a5e8fbeca5d4a0', 'user', 'Manda pelo WhatsApp.', '2026-05-05T16:56:51.258884+00:00') ON CONFLICT DO NOTHING;
INSERT INTO transcripts (id, call_sid, role, texto, ts) VALUES (316, 'CAdfcc84c74511ff9645a5e8fbeca5d4a0', 'agent', 'Perfeito! Vou te mandar uma mensagem lá agora com os detalhes. Obrigado pela atenção, viu? Um abraço!', '2026-05-05T16:56:54.955259+00:00') ON CONFLICT DO NOTHING;
INSERT INTO transcripts (id, call_sid, role, texto, ts) VALUES (317, 'CAdfcc84c74511ff9645a5e8fbeca5d4a0', 'user', 'Um abraço.', '2026-05-05T16:57:01.400712+00:00') ON CONFLICT DO NOTHING;
INSERT INTO transcripts (id, call_sid, role, texto, ts) VALUES (318, 'CAdfcc84c74511ff9645a5e8fbeca5d4a0', 'agent', 'Até mais!', '2026-05-05T16:57:02.215138+00:00') ON CONFLICT DO NOTHING;
INSERT INTO transcripts (id, call_sid, role, texto, ts) VALUES (319, 'CAf7b39fd9bd10493235c14705d0ece014', 'agent', 'Opa, tudo', '2026-05-05T20:18:38.958966+00:00') ON CONFLICT DO NOTHING;
INSERT INTO transcripts (id, call_sid, role, texto, ts) VALUES (320, 'CAf7b39fd9bd10493235c14705d0ece014', 'user', 'detenção para filho e quando o filho for maior, você vai conseguir aumentar ainda mais a receita? E aí, você vai ficar', '2026-05-05T20:18:45.874305+00:00') ON CONFLICT DO NOTHING;
INSERT INTO transcripts (id, call_sid, role, texto, ts) VALUES (321, 'CAf7b39fd9bd10493235c14705d0ece014', 'agent', 'bom? É o Kaique que tá falando? Aqui é', '2026-05-05T20:18:47.552112+00:00') ON CONFLICT DO NOTHING;
INSERT INTO transcripts (id, call_sid, role, texto, ts) VALUES (322, 'CAf7b39fd9bd10493235c14705d0ece014', 'user', 'Pô, beleza. É, qual o nome da empresa do seu projeto? Acho que a gente tem que voltar a falar do seu projeto. Entrando no Google', '2026-05-05T20:18:52.99241+00:00') ON CONFLICT DO NOTHING;
INSERT INTO transcripts (id, call_sid, role, texto, ts) VALUES (324, 'CAf7b39fd9bd10493235c14705d0ece014', 'user', 'São Paulo, será que tem empresa precisando de distribuidor? Que eu poderia tá atuando com uma landing page, jogando direto ali do Google', '2026-05-05T20:19:02.474525+00:00') ON CONFLICT DO NOTHING;
INSERT INTO transcripts (id, call_sid, role, texto, ts) VALUES (323, 'CAf7b39fd9bd10493235c14705d0ece014', 'agent', 'o Kaique da Tech Corp? Aqui é', '2026-05-05T20:18:54.344116+00:00') ON CONFLICT DO NOTHING;
INSERT INTO transcripts (id, call_sid, role, texto, ts) VALUES (325, 'CA78a0151cbc3248bf91807c4de7618cec', 'agent', 'Alô, Pedro? Aqui é o Gabriel da V4 Company, tudo bem? Recebi seu contato no nosso site e tô retornando para verificar se você ainda tem interesse em receber uma proposta de assessoria.', '2026-05-05T20:59:23.649366+00:00') ON CONFLICT DO NOTHING;
INSERT INTO transcripts (id, call_sid, role, texto, ts) VALUES (326, 'CA78a0151cbc3248bf91807c4de7618cec', 'user', 'Alô. Pensa.', '2026-05-05T20:59:27.066813+00:00') ON CONFLICT DO NOTHING;
INSERT INTO transcripts (id, call_sid, role, texto, ts) VALUES (327, 'CA78a0151cbc3248bf91807c4de7618cec', 'agent', 'Oi, desculpa, acho que cortou. É o Pedro Rondina que tá falando?', '2026-05-05T20:59:29.418522+00:00') ON CONFLICT DO NOTHING;
INSERT INTO transcripts (id, call_sid, role, texto, ts) VALUES (328, 'CA04ac84581bb8d07d10baf6650af84fdb', 'agent', 'Alô, Gisele? Aqui é da V4 Company. Tudo bom? Tô ligando rapidinho para falar sobre uma ideia', '2026-05-08T22:12:30.721906+00:00') ON CONFLICT DO NOTHING;
INSERT INTO transcripts (id, call_sid, role, texto, ts) VALUES (329, 'CA04ac84581bb8d07d10baf6650af84fdb', 'user', 'Ixi, espera aí.', '2026-05-08T22:12:31.026655+00:00') ON CONFLICT DO NOTHING;
INSERT INTO transcripts (id, call_sid, role, texto, ts) VALUES (330, 'CA04ac84581bb8d07d10baf6650af84fdb', 'agent', 'Tudo bem? Só pra confirmar, tô falando com a Gisele mesmo?', '2026-05-08T22:12:32.721833+00:00') ON CONFLICT DO NOTHING;
INSERT INTO transcripts (id, call_sid, role, texto, ts) VALUES (331, 'CA04ac84581bb8d07d10baf6650af84fdb', 'user', 'Alô. Tudo bem e você?', '2026-05-08T22:12:34.755125+00:00') ON CONFLICT DO NOTHING;
INSERT INTO transcripts (id, call_sid, role, texto, ts) VALUES (332, 'CA04ac84581bb8d07d10baf6650af84fdb', 'agent', 'Joia! Eu tô ligando pra gente bater um papo sobre umas ideias pra Leite Tech. Você tem uns minutinhos?', '2026-05-08T22:12:37.284748+00:00') ON CONFLICT DO NOTHING;
INSERT INTO transcripts (id, call_sid, role, texto, ts) VALUES (333, 'CA04ac84581bb8d07d10baf6650af84fdb', 'user', 'Agora eu não tenho.', '2026-05-08T22:12:44.22484+00:00') ON CONFLICT DO NOTHING;
INSERT INTO transcripts (id, call_sid, role, texto, ts) VALUES (334, 'CA04ac84581bb8d07d10baf6650af84fdb', 'agent', 'Tranquilo! Qual seria um horário bom pra te retornar?', '2026-05-08T22:12:45.921066+00:00') ON CONFLICT DO NOTHING;
INSERT INTO transcripts (id, call_sid, role, texto, ts) VALUES (335, 'CA04ac84581bb8d07d10baf6650af84fdb', 'user', 'Putz, essa semana eu não consigo.', '2026-05-08T22:12:52.580241+00:00') ON CONFLICT DO NOTHING;
INSERT INTO transcripts (id, call_sid, role, texto, ts) VALUES (336, 'CA04ac84581bb8d07d10baf6650af84fdb', 'agent', 'Entendi. Semana que vem fica melhor? Ou prefere que eu te mande uma mensagem?', '2026-05-08T22:12:54.707088+00:00') ON CONFLICT DO NOTHING;
INSERT INTO transcripts (id, call_sid, role, texto, ts) VALUES (337, 'CA04ac84581bb8d07d10baf6650af84fdb', 'user', 'Você consegue mandar mensagem antes de ligar para ver se eu tô liberada?', '2026-05-08T22:13:04.315068+00:00') ON CONFLICT DO NOTHING;
INSERT INTO transcripts (id, call_sid, role, texto, ts) VALUES (338, 'CA04ac84581bb8d07d10baf6650af84fdb', 'agent', 'Combinado então! Eu te mando um Whats primeiro. Até mais!', '2026-05-08T22:13:07.746666+00:00') ON CONFLICT DO NOTHING;
INSERT INTO transcripts (id, call_sid, role, texto, ts) VALUES (339, 'CA04ac84581bb8d07d10baf6650af84fdb', 'user', 'Até. Não perguntou o horário. Mas nossa, mano, ele entendeu eu. Agora, você já é uma boa', '2026-05-08T22:13:16.834317+00:00') ON CONFLICT DO NOTHING;
INSERT INTO transcripts (id, call_sid, role, texto, ts) VALUES (340, 'CAda2241c96fae3d8af15ebf3e4b460c33', 'agent', 'Alô, Gisele? Bom dia, tudo bem? Aqui é o Caio, da V4 Company. Tô ligando rapidinho pra gente bater um papo sobre como alavancar as vendas da Leite Tech. Você tem um minutinho?', '2026-05-08T22:13:32.415474+00:00') ON CONFLICT DO NOTHING;
INSERT INTO transcripts (id, call_sid, role, texto, ts) VALUES (341, 'CAe4e2eb84623c18dc666cf9c9cb27a37a', 'user', 'Alô. Alô.', '2026-05-08T22:14:06.135929+00:00') ON CONFLICT DO NOTHING;
INSERT INTO transcripts (id, call_sid, role, texto, ts) VALUES (342, 'CAe4e2eb84623c18dc666cf9c9cb27a37a', 'user', 'Alô. Não, tá mudo.', '2026-05-08T22:14:10.508011+00:00') ON CONFLICT DO NOTHING;
INSERT INTO transcripts (id, call_sid, role, texto, ts) VALUES (343, 'CAe4e2eb84623c18dc666cf9c9cb27a37a', 'user', 'Você tá me tirando agora.', '2026-05-08T22:14:12.102042+00:00') ON CONFLICT DO NOTHING;
INSERT INTO transcripts (id, call_sid, role, texto, ts) VALUES (344, 'CAe4e2eb84623c18dc666cf9c9cb27a37a', 'agent', 'Olá, Gisele? Tudo bom? Sou da V4 Company. Liguei para falar sobre marketing digital focado em empresas como a Leite Tech. Você tem uns minutos para conversar agora?', '2026-05-08T22:14:15.690513+00:00') ON CONFLICT DO NOTHING;
INSERT INTO transcripts (id, call_sid, role, texto, ts) VALUES (345, 'CAe4e2eb84623c18dc666cf9c9cb27a37a', 'user', 'Mas onde você conseguiu o seu telefone?', '2026-05-08T22:14:25.032674+00:00') ON CONFLICT DO NOTHING;
INSERT INTO transcripts (id, call_sid, role, texto, ts) VALUES (346, 'CAe4e2eb84623c18dc666cf9c9cb27a37a', 'agent', 'Ah, essa informação vem da nossa base de dados, mas não se preocupa, é tudo certinho. Você teria um tempinho agora pra gente bater um papo?', '2026-05-08T22:14:27.994396+00:00') ON CONFLICT DO NOTHING;
INSERT INTO transcripts (id, call_sid, role, texto, ts) VALUES (347, 'CAe4e2eb84623c18dc666cf9c9cb27a37a', 'user', 'Quem me garante que é tudo certinho? Mas você quer falar sobre o que mesmo?', '2026-05-08T22:14:38.158396+00:00') ON CONFLICT DO NOTHING;
INSERT INTO transcripts (id, call_sid, role, texto, ts) VALUES (348, 'CAe4e2eb84623c18dc666cf9c9cb27a37a', 'agent', 'Entendo a sua preocupação. É sobre como a V4 pode te ajudar a conseguir mais clientes pra Leite Tech usando estratégias de marketing digital. Você teria interesse em saber um pouco mais sobre como a gente faz?', '2026-05-08T22:14:42.454218+00:00') ON CONFLICT DO NOTHING;
INSERT INTO transcripts (id, call_sid, role, texto, ts) VALUES (349, 'CAe4e2eb84623c18dc666cf9c9cb27a37a', 'user', 'Ah, mas eu já tenho tudo montado.', '2026-05-08T22:14:54.494822+00:00') ON CONFLICT DO NOTHING;
INSERT INTO transcripts (id, call_sid, role, texto, ts) VALUES (350, 'CAe4e2eb84623c18dc666cf9c9cb27a37a', 'agent', 'Que bom que você já tem uma estrutura! A gente poderia pensar em como otimizar o que você já tem pra gerar ainda mais resultados. Toparia uma conversa rápida pra gente falar sobre isso?', '2026-05-08T22:14:58.095086+00:00') ON CONFLICT DO NOTHING;
INSERT INTO transcripts (id, call_sid, role, texto, ts) VALUES (351, 'CAe4e2eb84623c18dc666cf9c9cb27a37a', 'user', 'Ah, a gente já tá conversando.', '2026-05-08T22:15:08.054982+00:00') ON CONFLICT DO NOTHING;
INSERT INTO transcripts (id, call_sid, role, texto, ts) VALUES (352, 'CAe4e2eb84623c18dc666cf9c9cb27a37a', 'agent', 'Verdade! Mas eu digo um papo mais aprofundado, sabe? Talvez uma reunião com um especialista pra te mostrar possibilidades mais específicas pra Leite Tech. O que acha de agendarmos?', '2026-05-08T22:15:11.707978+00:00') ON CONFLICT DO NOTHING;
INSERT INTO transcripts (id, call_sid, role, texto, ts) VALUES (353, 'CAe4e2eb84623c18dc666cf9c9cb27a37a', 'user', 'Mas seria a ligação mesmo? Porque eu não tenho tempo.', '2026-05-08T22:15:23.954956+00:00') ON CONFLICT DO NOTHING;
INSERT INTO transcripts (id, call_sid, role, texto, ts) VALUES (354, 'CAe4e2eb84623c18dc666cf9c9cb27a37a', 'agent', 'Pode ser uma call rápida de 15 minutos só pra te mostrar algumas possibilidades. Ou se preferir, eu posso te mandar um material por e-mail pra você ver com calma. O que funciona melhor pra você?', '2026-05-08T22:15:27.562493+00:00') ON CONFLICT DO NOTHING;
INSERT INTO transcripts (id, call_sid, role, texto, ts) VALUES (355, 'CAe4e2eb84623c18dc666cf9c9cb27a37a', 'user', 'Ah! Eu quero o material por e-mail. Aí eu olho quando der tempo.', '2026-05-08T22:15:41.743397+00:00') ON CONFLICT DO NOTHING;
INSERT INTO transcripts (id, call_sid, role, texto, ts) VALUES (356, 'CAe4e2eb84623c18dc666cf9c9cb27a37a', 'agent', 'Perfeito, Gisele! Vou te mandar um e-mail com alguns detalhes. Muito obrigado pela atenção e um ótimo dia!', '2026-05-08T22:15:45.009664+00:00') ON CONFLICT DO NOTHING;
INSERT INTO transcripts (id, call_sid, role, texto, ts) VALUES (357, 'CA5e3158bbce6c30476c6a2fcca8dc8695', 'agent', 'Alô? Oi, Pedro, tudo bem? Aqui é o agente da V4 Company. Tô te ligando pra saber se você ainda tem interesse em receber aquela proposta sobre assessoria. Você tem um minutinho?', '2026-05-11T22:17:11.997617+00:00') ON CONFLICT DO NOTHING;
INSERT INTO transcripts (id, call_sid, role, texto, ts) VALUES (358, 'CA5e3158bbce6c30476c6a2fcca8dc8695', 'user', 'Alô.', '2026-05-11T22:17:18.628978+00:00') ON CONFLICT DO NOTHING;
INSERT INTO transcripts (id, call_sid, role, texto, ts) VALUES (359, 'CA5e3158bbce6c30476c6a2fcca8dc8695', 'agent', 'Desculpa, acho que o sinal', '2026-05-11T22:17:20.221196+00:00') ON CONFLICT DO NOTHING;
INSERT INTO transcripts (id, call_sid, role, texto, ts) VALUES (360, 'CA5e3158bbce6c30476c6a2fcca8dc8695', 'user', 'Tenho.', '2026-05-11T22:17:21.619105+00:00') ON CONFLICT DO NOTHING;
INSERT INTO transcripts (id, call_sid, role, texto, ts) VALUES (361, 'CA5e3158bbce6c30476c6a2fcca8dc8695', 'agent', 'Opa! Então, você quer que eu te envie a proposta por e-mail ou você prefere marcar uma conversa rapidinha pra gente detalhar melhor?', '2026-05-11T22:17:23.524344+00:00') ON CONFLICT DO NOTHING;
INSERT INTO transcripts (id, call_sid, role, texto, ts) VALUES (362, 'CA5e3158bbce6c30476c6a2fcca8dc8695', 'user', '우리 메일', '2026-05-11T22:17:32.137445+00:00') ON CONFLICT DO NOTHING;
INSERT INTO transcripts (id, call_sid, role, texto, ts) VALUES (363, 'CA5e3158bbce6c30476c6a2fcca8dc8695', 'agent', 'Fechado então, Pedro! Vou te mandar por e-mail ainda hoje. Obrigado pela atenção e um abraço!', '2026-05-11T22:17:34.307694+00:00') ON CONFLICT DO NOTHING;
INSERT INTO transcripts (id, call_sid, role, texto, ts) VALUES (364, 'CA899f668fe3555bda3718e5d53bd29ba1', 'user', 'Alô. Alô.', '2026-05-12T19:56:09.590758+00:00') ON CONFLICT DO NOTHING;
INSERT INTO transcripts (id, call_sid, role, texto, ts) VALUES (365, 'CA899f668fe3555bda3718e5d53bd29ba1', 'agent', 'Olá, Gustavo Estorgato, tudo bem? Aqui é do time de vendas. Vi que você se cadastrou no método, e eu queria ver se a gente consegue marcar uma reunião para te apresentar melhor o produto. Você tem disponibilidade essa semana?', '2026-05-12T19:56:10.814667+00:00') ON CONFLICT DO NOTHING;
INSERT INTO transcripts (id, call_sid, role, texto, ts) VALUES (366, 'CA899f668fe3555bda3718e5d53bd29ba1', 'user', 'Não tenho.', '2026-05-12T19:56:25.684464+00:00') ON CONFLICT DO NOTHING;
INSERT INTO transcripts (id, call_sid, role, texto, ts) VALUES (367, 'CA899f668fe3555bda3718e5d53bd29ba1', 'agent', 'Entendo. E para a semana que vem, teria algum dia ou horário melhor para você? Assim eu já verifico a agenda por aqui.', '2026-05-12T19:56:28.377589+00:00') ON CONFLICT DO NOTHING;
INSERT INTO transcripts (id, call_sid, role, texto, ts) VALUES (368, 'CA899f668fe3555bda3718e5d53bd29ba1', 'user', 'Vai ficar chorando, menina? Me explica melhor do que que é essa essa ligação.', '2026-05-12T19:56:37.241424+00:00') ON CONFLICT DO NOTHING;
INSERT INTO transcripts (id, call_sid, role, texto, ts) VALUES (369, 'CA899f668fe3555bda3718e5d53bd29ba1', 'agent', 'Claro! O nosso produto é focado em ajudar a aumentar a eficiência da sua equipe, e a gente gostaria de te mostrar em detalhes como funciona. Por acaso você é a pessoa que toma as decisões sobre esse tipo de ferramenta na sua empresa?', '2026-05-12T19:56:41.78491+00:00') ON CONFLICT DO NOTHING;
INSERT INTO transcripts (id, call_sid, role, texto, ts) VALUES (370, 'CA899f668fe3555bda3718e5d53bd29ba1', 'user', 'Mas eu nem sei do que que você tá falando.', '2026-05-12T19:56:53.311137+00:00') ON CONFLICT DO NOTHING;
INSERT INTO transcripts (id, call_sid, role, texto, ts) VALUES (373, 'CA899f668fe3555bda3718e5d53bd29ba1', 'agent', 'O seu cadastro foi realizado recentemente, provavelmente em algum formulário online ou anúncio nosso. Você não se lembra? De qualquer forma, se tiver interesse, a gente pode agendar uma conversa para eu te passar mais detalhes. O que acha?', '2026-05-12T19:57:16.576281+00:00') ON CONFLICT DO NOTHING;
INSERT INTO transcripts (id, call_sid, role, texto, ts) VALUES (376, 'CA899f668fe3555bda3718e5d53bd29ba1', 'user', 'Não, não pode Não pode me explicar por aqui mesmo?', '2026-05-12T19:57:36.186273+00:00') ON CONFLICT DO NOTHING;
INSERT INTO transcripts (id, call_sid, role, texto, ts) VALUES (379, 'CA899f668fe3555bda3718e5d53bd29ba1', 'agent', 'asynccall:salvar_resultado_ligacao{confirmado:false,humor:neutro,interesse:alto,pessoa_correta:true,proxima_acao:revisar_manualmente,resumo:Cliente demonstrou interesse, mas solicitou agendamento para o passado ("ontem às 2 horas"). Necessário contato manual para reagendar.Ah, para ontem', '2026-05-12T19:57:58.146799+00:00') ON CONFLICT DO NOTHING;
INSERT INTO transcripts (id, call_sid, role, texto, ts) VALUES (371, 'CA899f668fe3555bda3718e5d53bd29ba1', 'agent', 'Peço desculpas se não fui claro! Nós somos da empresa X e desenvolvemos uma plataforma que ajuda a gerenciar e otimizar processos de vendas, por exemplo. O objetivo da reunião é justamente te mostrar como ela pode te ajudar. Você acha que faria sentido pra você?', '2026-05-12T19:56:58.327834+00:00') ON CONFLICT DO NOTHING;
INSERT INTO transcripts (id, call_sid, role, texto, ts) VALUES (372, 'CA899f668fe3555bda3718e5d53bd29ba1', 'user', 'Entendi, mas eu eu me cadastrei nisso quanto?', '2026-05-12T19:57:12.476933+00:00') ON CONFLICT DO NOTHING;
INSERT INTO transcripts (id, call_sid, role, texto, ts) VALUES (374, 'CA899f668fe3555bda3718e5d53bd29ba1', 'user', 'Mmm. Não lembro, não.', '2026-05-12T19:57:24.001269+00:00') ON CONFLICT DO NOTHING;
INSERT INTO transcripts (id, call_sid, role, texto, ts) VALUES (375, 'CA899f668fe3555bda3718e5d53bd29ba1', 'agent', 'Sem problemas! Às vezes acontece. Mas mesmo assim, você teria interesse em conhecer um pouco mais? Podemos marcar uma conversa rápida, sem compromisso. O que acha?', '2026-05-12T19:57:27.758713+00:00') ON CONFLICT DO NOTHING;
INSERT INTO transcripts (id, call_sid, role, texto, ts) VALUES (377, 'CA899f668fe3555bda3718e5d53bd29ba1', 'agent', 'Eu até posso te dar uma visão geral, mas numa conversa por vídeoconferência ou reunião, a gente consegue te mostrar a plataforma funcionando, tirar suas dúvidas específicas e até personalizar a apresentação para o seu negócio. É bem mais produtivo, sabe? O que você acha? Uns 15 minutinhos são suficientes.', '2026-05-12T19:57:41.643163+00:00') ON CONFLICT DO NOTHING;
INSERT INTO transcripts (id, call_sid, role, texto, ts) VALUES (378, 'CA899f668fe3555bda3718e5d53bd29ba1', 'user', 'Ponte, entendi, entendi. Então, pode marcar para ontem às 2 horas, por favor.', '2026-05-12T19:57:56.275284+00:00') ON CONFLICT DO NOTHING;
INSERT INTO transcripts (id, call_sid, role, texto, ts) VALUES (380, 'CA1db3a36396684cc8cb29a2b99b7f59e2', 'agent', 'Opa, tudo bem? É o Kaique da Tech Corp?', '2026-05-14T19:56:15.1004+00:00') ON CONFLICT DO NOTHING;
INSERT INTO transcripts (id, call_sid, role, texto, ts) VALUES (381, 'CA1db3a36396684cc8cb29a2b99b7f59e2', 'user', 'Alô.', '2026-05-14T19:56:16.508383+00:00') ON CONFLICT DO NOTHING;
INSERT INTO transcripts (id, call_sid, role, texto, ts) VALUES (382, 'CA1db3a36396684cc8cb29a2b99b7f59e2', 'agent', 'Oi, Kaique, aqui é da V4 Company.', '2026-05-14T19:56:18.792871+00:00') ON CONFLICT DO NOTHING;
INSERT INTO transcripts (id, call_sid, role, texto, ts) VALUES (383, 'CA1db3a36396684cc8cb29a2b99b7f59e2', 'user', 'Tudo certo?', '2026-05-14T19:56:19.47884+00:00') ON CONFLICT DO NOTHING;
INSERT INTO transcripts (id, call_sid, role, texto, ts) VALUES (384, 'CA1db3a36396684cc8cb29a2b99b7f59e2', 'agent', 'Tudo ótimo! Aqui é o Caio da V4 Company, vi que você demonstrou interesse na assessoria. Você teria cinco minutinhos pra gente conversar', '2026-05-14T19:56:22.433665+00:00') ON CONFLICT DO NOTHING;
INSERT INTO transcripts (id, call_sid, role, texto, ts) VALUES (385, 'CA1db3a36396684cc8cb29a2b99b7f59e2', 'user', 'O cara já tá respondendo na mesma.', '2026-05-14T19:56:24.917644+00:00') ON CONFLICT DO NOTHING;
INSERT INTO transcripts (id, call_sid, role, texto, ts) VALUES (386, 'CA1db3a36396684cc8cb29a2b99b7f59e2', 'agent', 'Alô? Kaique, tá me ouvindo?', '2026-05-14T19:56:27.278667+00:00') ON CONFLICT DO NOTHING;
INSERT INTO transcripts (id, call_sid, role, texto, ts) VALUES (387, 'CA1db3a36396684cc8cb29a2b99b7f59e2', 'user', 'Oi.', '2026-05-14T19:56:30.52984+00:00') ON CONFLICT DO NOTHING;
INSERT INTO transcripts (id, call_sid, role, texto, ts) VALUES (388, 'CA1db3a36396684cc8cb29a2b99b7f59e2', 'agent', 'Oi! Acho que a ligação caiu. Tava te falando que sou da V4, você preencheu um formulário pra saber mais sobre a assessoria, lembra? Quer que eu te mande mais detalhes por WhatsApp?', '2026-05-14T19:56:33.643728+00:00') ON CONFLICT DO NOTHING;
INSERT INTO transcripts (id, call_sid, role, texto, ts) VALUES (389, 'CA1db3a36396684cc8cb29a2b99b7f59e2', 'user', 'de línea de los alimentos.', '2026-05-14T19:56:42.174878+00:00') ON CONFLICT DO NOTHING;
INSERT INTO transcripts (id, call_sid, role, texto, ts) VALUES (390, 'CA1db3a36396684cc8cb29a2b99b7f59e2', 'agent', 'Ah, tranquilo! Você poderia falar um pouco sobre como andam as vendas da Tech Corp hoje? Pra gente entender se a assessoria faz sentido.', '2026-05-14T19:56:45.628172+00:00') ON CONFLICT DO NOTHING;

-- Tabela: lead_info_chave (17 linhas)
INSERT INTO lead_info_chave (id, lead_id, chave, valor, criado_em) VALUES (1, '1', 'orcamento_mensal', 'R$ 10.000,00', '2026-05-04T19:35:40.690697+00:00') ON CONFLICT DO NOTHING;
INSERT INTO lead_info_chave (id, lead_id, chave, valor, criado_em) VALUES (2, '1', 'proximo_passo', 'agendar_reuniao', '2026-05-04T19:36:04.275809+00:00') ON CONFLICT DO NOTHING;
INSERT INTO lead_info_chave (id, lead_id, chave, valor, criado_em) VALUES (3, '1', 'motivo_desinteresse', 'não informado', '2026-05-04T21:45:42.797985+00:00') ON CONFLICT DO NOTHING;
INSERT INTO lead_info_chave (id, lead_id, chave, valor, criado_em) VALUES (4, 'c7a43424-5a73-44d7-a9c7-97da251b58a9', 'preferencia_contato', 'whatsapp', '2026-05-04T22:45:09.645748+00:00') ON CONFLICT DO NOTHING;
INSERT INTO lead_info_chave (id, lead_id, chave, valor, criado_em) VALUES (6, '1', 'interesse_explicacao', 'pediu detalhes por telefone', '2026-05-05T13:45:08.036437+00:00') ON CONFLICT DO NOTHING;
INSERT INTO lead_info_chave (id, lead_id, chave, valor, criado_em) VALUES (7, '1', 'duvida_sobre_empresa', 'pediu mais informações sobre a V4', '2026-05-05T13:45:33.288495+00:00') ON CONFLICT DO NOTHING;
INSERT INTO lead_info_chave (id, lead_id, chave, valor, criado_em) VALUES (8, '1', 'pergunta_pessoal', 'perguntou idade', '2026-05-05T13:46:03.591372+00:00') ON CONFLICT DO NOTHING;
INSERT INTO lead_info_chave (id, lead_id, chave, valor, criado_em) VALUES (9, '1', 'pergunta_funcao', 'perguntou função', '2026-05-05T13:46:17.795567+00:00') ON CONFLICT DO NOTHING;
INSERT INTO lead_info_chave (id, lead_id, chave, valor, criado_em) VALUES (10, '1', 'email_contato', 'leonardo.amaral@v4company.com', '2026-05-05T13:46:40.433081+00:00') ON CONFLICT DO NOTHING;
INSERT INTO lead_info_chave (id, lead_id, chave, valor, criado_em) VALUES (11, '7824c098-2183-4965-865e-bc4708c7a5c4', 'orcamento', 'R$ 5000', '2026-05-05T16:56:38.52897+00:00') ON CONFLICT DO NOTHING;
INSERT INTO lead_info_chave (id, lead_id, chave, valor, criado_em) VALUES (12, '7824c098-2183-4965-865e-bc4708c7a5c4', 'preferencia_contato', 'whatsapp', '2026-05-05T16:56:50.184229+00:00') ON CONFLICT DO NOTHING;
INSERT INTO lead_info_chave (id, lead_id, chave, valor, criado_em) VALUES (13, 'fd23ce72-6e06-40d4-9da3-de68bbb5ab71', 'melhor_horario', 'mandar mensagem antes de ligar', '2026-05-08T22:13:03.004912+00:00') ON CONFLICT DO NOTHING;
INSERT INTO lead_info_chave (id, lead_id, chave, valor, criado_em) VALUES (14, 'fd23ce72-6e06-40d4-9da3-de68bbb5ab71', 'objecao_principal', 'preocupacao com privacidade de dados', '2026-05-08T22:14:37.537212+00:00') ON CONFLICT DO NOTHING;
INSERT INTO lead_info_chave (id, lead_id, chave, valor, criado_em) VALUES (15, 'fd23ce72-6e06-40d4-9da3-de68bbb5ab71', 'situacao_atual', 'ja possui estrutura de marketing', '2026-05-08T22:14:53.736431+00:00') ON CONFLICT DO NOTHING;
INSERT INTO lead_info_chave (id, lead_id, chave, valor, criado_em) VALUES (16, 'fd23ce72-6e06-40d4-9da3-de68bbb5ab71', 'disponibilidade_tempo', 'baixa ou sem tempo', '2026-05-08T22:15:23.304808+00:00') ON CONFLICT DO NOTHING;
INSERT INTO lead_info_chave (id, lead_id, chave, valor, criado_em) VALUES (17, 'a153527b-26c6-42a7-9149-cfc3f55cdaaa', 'preferencia_contato', 'email', '2026-05-11T22:17:31.887094+00:00') ON CONFLICT DO NOTHING;
INSERT INTO lead_info_chave (id, lead_id, chave, valor, criado_em) VALUES (18, 'a582228c-1e1e-4e1b-bbde-0142345521fa', 'horario_agendado', 'ontem_2pm', '2026-05-12T19:57:55.750329+00:00') ON CONFLICT DO NOTHING;

-- Tabela: user_approvals (2 linhas)
INSERT INTO user_approvals (id, user_id, email, approved, admin, approved_by, approved_at, created_at) VALUES ('7e4bbc16-d586-4050-b52b-caa7cbcaaa6d', '9fde011c-044f-40c2-9efa-4019f7572e7f', 'kaique.nascimento@v4company.com', TRUE, TRUE, '9fde011c-044f-40c2-9efa-4019f7572e7f', NULL, '2026-05-05T18:30:58.617032+00:00') ON CONFLICT DO NOTHING;
INSERT INTO user_approvals (id, user_id, email, approved, admin, approved_by, approved_at, created_at) VALUES ('49816f26-691f-4057-a1e9-afbcbfab9fa0', 'c3942dbc-618a-4b84-a5d3-c9e209ae32f3', 'vinicius.mercante@v4company.com', TRUE, TRUE, NULL, '2026-05-05T20:16:25.214+00:00', '2026-05-05T20:15:54.700716+00:00') ON CONFLICT DO NOTHING;
